{"cameraMode":{"drawMode":0,"name":"Shaded","section":"Shading Mode"},"sceneLighting":true,"audioPlay":false,"sceneViewState":{"showFog":false,"showMaterialUpdate":false,"showSkybox":false,"showFlares":false,"showImageEffects":false,"showParticleSystems":false},"in2DMode":false,"pivot":{"x":209.79193115234376,"y":191.44442749023438,"z":0.1716890037059784},"rotation":{"x":0.0008981632417999208,"y":-0.00599992461502552,"z":0.0000053322701205615889,"w":0.9999821186065674},"size":251.4353790283203,"orthographic":false}